Flight ID,Tail Number,Employee ID
508,N915WN,7819
15508,N302DU,7691
5869,N3059,3735
14804,N303SY,8316
316,N278WN,7092
10228,N982AT,7297
15225,N308DN,2928
12125,C-FWSO,6519
11889,N24MG,3875
13712,G ZBJG,7131
15453,N468CA,3404
4026,N54711,3953
14656,N838NN,3253
539,N190UW,8168
4205,N190US,5449
1423,N304SW,5937
6891,N38467,1486
222,N914FR,3472
8674,N903AR,5218
7569,N939DN,2308
9171,N108SY,2139
12150,N77536,3989
10010,N631US,7863
10591,EC-MIO,7604
2647,N387SW,6614
2865,N295SW,6932
5667,N3862,7284
7542,N638CZ,7213
12379,TFFIU,3302
8391,FHPJH,8510
10954,N862DN,5247
2162,N552NW,3177
15271,N356DN,7406
15569,N910NN,7246
2564,N194UA,3165
4151,N57870,1222
9995,N586UW,2055
8007,HB-JMO,4859
15125,N619UX,5140
14006,N922DN,3130
11607,N275AS,2195
7831,N362NW,4348
10592,EC-MIO,2925
1285,N289JB,3178
14072,N306NY,7797
12558,N7710A,6274
8313,DABVU,7153
15021,ZK-MZM,5005
12454,N8711Q,8263
2215,N312NW,4316
2640,B18725,1466
1716,N104HR,4804
14889,BKPX,2350
11434,HL8009,1466
12904,N8533S,5813
2384,96018,6637
7140,N796UA,1983
12387,N906DN,1110
12991,N373HA,3238
10988,N252SY,4096
2524,N821UW,5349
816,N771AS,7515
9785,YV560T,1494
6507,N775UA,3545
4003,RA8024,7379
1071,N699SW,3402
7844,N503US,2612
5689,N77530,5182
12333,N964WN,7003
11702,N880DN,2540
10688,N541US,6924
5406,BLJF,3327
8091,N473UA,4722
892,N422SF,6298
13326,N525VA,6713
10137,HP-1837,5760
14687,N338ST,2811
13333,N530VX,7042
2826,N593ML,1626
910,N381DN,6940
15385,N885NN,6795
11424,N2639U,5695
69,BHUH,2698
8187,N463UA,6272
1262,N539NW,7420
216,3203EV,4046
2727,N6813,6081
49,LXICV,6231
14424,N344DN,6662
13889,N137AA,4748
14984,N239AZ,2972
14658,N350RV,2622
4132,N850UA,6916
3605,N642UW,2994
168,N656DL,7377
12824,N569WN,3042
10453,HP-1842,4972
8531,ZK-OKF,4023
1854,N808NW,7302
1986,N167RP,3606
,,5793
,,1057
,,2103
,,2560
,,2642
,,7164
,,2752
,,2373
,,5904
,,5535
,,6191
,,5749
,,3474
,,7005
,,6679
,,4917
,,4889
,,3828
,,1476
,,6968
,,5759
,,3076
,,1639
,,3363
,,5610
,,4504
,,2954
,,7086
,,3683
,,1635
,,2249
,,1179
,,5352
,,5861
,,3328
,,4390
,,3206
,,3932
,,3881
,,2864
,,1405
,,6085
,,7859
,,4733
,,1584
,,7165
,,2189
,,1692
,,3761
,,5959
,,5264
,,6425
,,7826
,,5267
,,6039
,,2837
,,8628
,,8420
,,4666
,,8029
,,2215
,,6856
,,3005
,,3284
,,1539
,,5177
,,3232
,,5847
,,4948
,,3986
,,1474
,,1674
,,2208
,,2100
,,4991
,,3107
,,5038
,,1154
,,4096
,,6823
,,6915
,,1102
,,3526
,,1473
,,4704
,,5907
,,7199
,,7391
,,4924
,,1840
,,4771
,,1536
,,7112
,,8453
,,3846
,,3773
,,2421
,,8010
,,3942
,,3161
,,5407
,,5111
,,2916
,,4432
,,1472
,,5955
,,6515
,,5423
,,7435
,,2309
,,2038
,,3073
,,7618
,,7516
,,2854
,,6240
,,3826
,,7693
,,5490
,,4985
,,7795
,,2527
,,6667
,,2298
,,2252
,,6857
,,3268
,,3774
,,1943
,,1626
,,5158
,,7630
,,3807
,,7557
,,2451
,,3295
,,4967
,,3852
,,7685
,,1614
,,5850
,,5527
,,2953
,,5214
,,6780
,,2520
,,6138
,,4081
,,7906
,,1316
,,2489
,,1952
,,5539
,,2770
,,3130
,,5200
,,6879
,,4010
,,5338
,,8344
,,4910
,,2906
,,4502
,,6839
,,4780
,,7551
,,4151
,,6953
,,3166
,,3686
,,7971
,,1036
,,5300
,,8438
,,5539
,,4741
,,6330
,,5424
,,3001
,,5328
,,7355
,,5818
,,4423
,,7632
,,2907
,,1751
,,3375
,,5488
,,8389
,,1833
,,5014
,,1251
,,1797
,,4834
,,5527
,,7012
,,3992
,,5679
,,5728
,,3681